mti,processingCode,transactionAmount,dateTimeTransaction,cardholderBillingConversionRate,stan,timeLocalTransaction,dateLocalTransaction,expiryDate,conversionDate,merchantCategoryCode,posEntryMode,acquiringInstitutionCode,forwardingInstitutionCode,rrn,cardAcceptorTerminalId,cardAcceptorId,cardAcceptorNameLocation,cardBalance,additionalData48,transactionCurrencyCode,cardholderBillingCurrencyCode,posDataCode,originalDataElement,channel,encryptedPan,network,dcc,kitNo,factorOfAuthorization,authenticationScore,contactless,international,preValidated,enhancedLimitWhiteListing,transactionOrigin,transactionType,isExternalAuth,encryptedHexCardNo,isTokenized,entityId,moneySendTxn,mcRefundTxn,mpqrtxn,authorisationStatus,latitude,longitude
0100,000000,215958.66,2024-04-05 22:21:59,61000000,11487,05:12:17,1998-01-26,12/29,1993-10-30,138,810,448250,83933,9614585565,9117900,86785976,Whitney-Barnett,266841.28,T,840,840,6.88753048774074E+017,7.3886736319821E+023,ECOM,7f1a296a4c4e5892564ecf892a29591b415b87e10045de0050069b202ef9fe71,MASTER,FALSE,4131047897,4,98,FALSE,TRUE,FALSE,FALSE,ECOM,ECOM,FALSE,f0bb2461ceae39a9dfd925917fcb67b1f0c4043c95627ae1b4b5d8eedca06070,FALSE,5bee9e60-787a-4fe7-bc54-e3a7f21978d2,FALSE,FALSE,FALSE,TRUE,-67.013203,-15.533937
0100,000000,19855.48,2024-04-05 23:13:18,61000000,98845,14:19:57,2008-07-29,12/24,2004-11-27,9174,810,69480,969348,3880278867,9026573,86040072,Jones LLC,337982.77,T,840,840,9.18534909779941E+017,4.11723430243488E+023,ECOM,922a4dbc4e14bfab6f5b76f6fee56ae4fce951c1e302944b175681a9cfcfdd80,MASTER,FALSE,2439268023,5,37,FALSE,TRUE,FALSE,FALSE,ECOM,ECOM,FALSE,39cc1dbc3ec65291779cdda20ddb3cad95c5d88570fb7f610c7ceafaa08f4783,FALSE,0d7b78d7-6872-49f0-9e54-72775cb795b3,FALSE,FALSE,FALSE,TRUE,18.0973605,-160.884232
0100,000000,258777.31,2024-04-06 02:13:35,61000000,85278,17:17:27,1991-10-13,09/26,1999-03-11,425,810,693569,86008,3343871965,5622302,46349304,"Patterson, Ritter and Edwards",221705.27,T,840,840,6.93217743811218E+017,1.69470821397791E+023,ECOM,f6b72116313e644dcbd2b43398e9b530bc343e82edee2ff891dc0c62f0d40a89,MASTER,FALSE,9978255749,1,15,FALSE,TRUE,FALSE,FALSE,ECOM,ECOM,FALSE,068bfc2cea4c7713c3757ab2165228e12e6b2f673f8a7a3caca23f054e40afe8,FALSE,87151874-d17e-4287-afed-70611149e248,FALSE,FALSE,FALSE,TRUE,15.3688415,122.368025
0100,000000,235269.67,2024-04-06 00:36:47,61000000,64699,21:31:44,1994-03-04,05/28,2009-11-18,4917,810,394095,545174,3561857946,6511513,60063859,Patel-Duncan,227759.62,T,840,840,2.14558745797834E+017,8.28254419712638E+023,ECOM,a3f3b509c4967ee71df5dca94ed09341ed20cd064e32e9eb5c6c331f4869d67c,MASTER,FALSE,9523209971,3,96,FALSE,TRUE,FALSE,FALSE,ECOM,ECOM,FALSE,f6aa81c3c96fd2b871b866e45937c72494d7bac74f5bda605791bfd9b2f9bf70,FALSE,4610f7ca-c692-43e9-bddd-7dee35c8c6f1,FALSE,FALSE,FALSE,TRUE,44.1596445,-160.565034
0100,000000,151131.02,2024-04-05 22:00:55,61000000,24625,07:05:43,1982-12-14,08/33,1986-11-18,6229,810,264018,212363,2444217748,3309614,65205609,Garcia-Ruiz,168275.70,T,840,840,9.13665639276649E+017,2.75165755199942E+023,ECOM,3442609fd0964668c12135d9ddcfb21d1d036aa34c1f216cd8e0881c0fa69acf,MASTER,FALSE,1270452242,4,53,FALSE,TRUE,FALSE,FALSE,ECOM,ECOM,FALSE,66d0c1fee6cac683a7b5ec843c851411002a185643c387f3a7d20b7a0f6970d2,FALSE,7be4b2c7-f9d7-498f-bc5c-601bbbadb037,FALSE,FALSE,FALSE,TRUE,-12.2794595,-164.362966
0100,000000,119133.33,2024-04-06 06:46:49,61000000,19411,10:28:07,2017-07-05,06/29,1988-09-08,8720,810,700432,908110,7205124079,1828432,7596781,Mason and Sons,184305.98,T,840,840,5.23090783126775E+017,7.43674410839646E+023,ECOM,d47c241cfbccc28e8f1fc9d01bb30e5bf6733d4650a527926af35e0f054a408a,MASTER,FALSE,663868002,2,51,FALSE,TRUE,FALSE,FALSE,ECOM,ECOM,FALSE,ca1649d7b8bb83a5c45dac950e0ea6020cc003ecc4b87a2c93b4845a5f3008f6,FALSE,4a199778-cb92-406b-a3d9-c86ad9070a72,FALSE,FALSE,FALSE,TRUE,-51.636642,-16.660294
0100,000000,195392.57,2024-04-06 07:13:28,61000000,40228,04:15:39,1982-12-06,04/33,2013-10-06,7023,810,232402,571204,2971054949,6869853,96249964,"Anderson, Huffman and Collins",138169.89,T,840,840,1.90387256406771E+017,8.26447720191879E+023,ECOM,7f7bae407e0e44b2810117b03c9d1b06d2d2238006ee0d227d8a272fee8320b2,MASTER,FALSE,489364888,5,23,FALSE,TRUE,FALSE,FALSE,ECOM,ECOM,FALSE,3846b5fd9cd2eb355ab3c5706cb59e69eda31fb9e05e12cec7d154b9fe2abd45,FALSE,5e944323-77c3-43a2-8e24-ce51a9e40c44,FALSE,FALSE,FALSE,TRUE,-16.8002595,83.510407
0100,000000,15223.36,2024-04-06 03:33:23,61000000,76549,11:20:38,1992-08-21,02/32,1991-09-16,7870,810,488208,771717,5112709546,648508,39940673,Williams-Wallace,423460.57,T,840,840,8.72859576398341E+017,4.068902723967E+023,ECOM,fca489f00e108a11f0ab78a3f866fabaeaf5b71a59d36b0c16f69552006b32b7,MASTER,FALSE,8438250743,1,26,FALSE,TRUE,FALSE,FALSE,ECOM,ECOM,FALSE,aec7506134cab7fc9b992f86c5310c0f28a79a2e7b1901d01d557afdbecf9cda,FALSE,6938fa6a-7ee2-4ee5-b834-cdbb140d50d7,FALSE,FALSE,FALSE,TRUE,2.6413265,-151.404226
0100,000000,95759.42,2024-04-05 20:03:59,61000000,92427,20:44:22,1988-03-01,12/31,1995-09-21,5002,810,600042,773054,4863054031,2425127,48360672,Moreno-Ball,352909.26,T,840,840,8.23913326058863E+017,7.43172597217418E+023,ECOM,526503291472f067ecf0fb9811fe6013c08a1963079c5c591133bd1b67d3a1bd,MASTER,FALSE,9584402295,1,52,FALSE,TRUE,FALSE,FALSE,ECOM,ECOM,FALSE,7de5297bcbb0dce2e5eb0f9d34ebe9677d81db0855ee7a795a1cd61c275946fe,FALSE,74106d06-b708-4686-a7ed-55e3a6e0c29e,FALSE,FALSE,FALSE,TRUE,56.6873415,92.961450
0100,000000,76284.91,2024-04-05 20:27:33,61000000,35514,19:43:12,1972-03-29,10/31,1998-10-06,3950,810,542127,787189,1172724739,4711169,39686882,"Harris, Carter and Williams",245653.10,T,840,840,2.97619174984061E+017,7.89442241589854E+023,ECOM,f6bdf7e836ac90ff08ef426e38d6c44f9c811b00789444235200c762ed39e387,MASTER,FALSE,2027199424,4,30,FALSE,TRUE,FALSE,FALSE,ECOM,ECOM,FALSE,4ec67d12ea1e34420d588ca1647c71cad3a4f8a040e1cab4c220a1cd2c363425,FALSE,50032e4d-43a6-4f81-87fc-f82d979740ce,FALSE,FALSE,FALSE,TRUE,51.2168595,108.976793
0100,000000,128490.07,2024-04-06 06:12:45,61000000,84170,06:00:34,2000-09-05,07/32,2016-09-25,7178,810,115373,987862,6149026594,6391907,6631709,Jones LLC,278364.03,T,840,840,6.49502719318712E+017,3.3872205253351E+023,ECOM,1acf6656cef706a4355722fac2b9303f066ef9c8c843f875efdb379485005d58,MASTER,FALSE,2827671585,1,84,FALSE,TRUE,FALSE,FALSE,ECOM,ECOM,FALSE,01af61c10795b610b4d1a80b72ca5bca91fd515addb6428791e5672762910f88,FALSE,17d306ec-b44a-44ff-860b-8b6946960dfa,FALSE,FALSE,FALSE,TRUE,76.025330,-5.878901
0100,000000,44376.38,2024-04-06 05:55:24,61000000,77262,03:40:43,2020-09-16,03/25,1975-02-06,7477,810,708,507349,8918977917,3715008,97144821,James-Smith,259713.63,T,840,840,6.81949151284765E+017,7.28193619323717E+022,ECOM,2713365ce7047c55b4ca36d3782fd52bcf8a9422d637799e9ebc28cdeea8c451,MASTER,FALSE,7165670470,3,51,FALSE,TRUE,FALSE,FALSE,ECOM,ECOM,FALSE,3379711e1c6939e725005737f3aa6ce8cf9248d3400bd452300e3702c6697c8e,FALSE,547302eb-1ce6-4d2d-a1d1-cf2a5d21ed11,FALSE,FALSE,FALSE,TRUE,82.625302,-56.488730
0100,000000,2311.04,2024-04-06 05:09:53,61000000,58725,20:41:01,1974-06-02,03/26,1979-06-17,6705,810,898287,38259,7043369572,3107607,81399536,Thompson PLC,407981.00,T,840,840,9.57758817519398E+017,8.32798940577935E+023,ECOM,327b882f1a6954ed569fa5c7b0f5789a35ff03198f8979c1102ddc431d58b602,MASTER,FALSE,8733955943,3,76,FALSE,TRUE,FALSE,FALSE,ECOM,ECOM,FALSE,bde7022eb5e6f631b47c98799f7f9316ca5522ea4d943c9a754e0ef6aaf58bc7,FALSE,2d37e9d2-2315-454c-9c43-408e7b7d803f,FALSE,FALSE,FALSE,TRUE,-20.695796,-177.070267
0100,000000,206966.10,2024-04-06 00:16:04,61000000,79901,11:24:41,2023-10-05,06/31,1985-05-09,8920,810,764017,43329,9723015971,9590756,79949486,"Wright, Rodriguez and Smith",191696.73,T,840,840,2.29861139433077E+017,9.55609653074379E+023,ECOM,f0d736f710df1f5bddb53501debe72ecab131fa88a5ec22c887e10654acff226,MASTER,FALSE,1617702413,3,9,FALSE,TRUE,FALSE,FALSE,ECOM,ECOM,FALSE,8a79e3fa1645a9b476c27d98b59eb8c9da4921dbed1fabf72df1f8eded665d3a,FALSE,24dccc98-41da-4aa0-b555-3661f79dcf9f,FALSE,FALSE,FALSE,TRUE,13.005859,2.617371
0100,000000,11146.25,2024-04-06 00:09:48,61000000,73425,10:59:17,1971-03-11,11/32,2016-05-20,9983,810,471566,87892,8496261476,4456320,41012469,Jones-Manning,333981.21,T,840,840,4.06783463664186E+017,6.33462977578705E+023,ECOM,dbd50e7e192bd49a95ffb8a138c246aa29835276983c5fab4e865072b5a8ab71,MASTER,FALSE,5660827550,2,92,FALSE,TRUE,FALSE,FALSE,ECOM,ECOM,FALSE,7706303497c1188e8f37c477ff9b27f077686d4aa53a029fd333f7614d708689,FALSE,ec567070-13ec-43a5-9c3d-603423c624b9,FALSE,FALSE,FALSE,TRUE,-23.3479535,-5.968995
0100,000000,48025.86,2024-04-06 07:28:46,61000000,11808,21:29:11,1986-12-31,12/31,2000-05-28,9933,810,630955,58401,8296806553,2336862,22725665,Johnson Group,293213.54,T,840,840,2.99884728266885E+017,7.58066296347434E+023,ECOM,e4b6ecc987b5968354a6144946ec6d8cec4a15547ae00e7fa60cb7c2731336e7,MASTER,FALSE,9091210091,5,76,FALSE,TRUE,FALSE,FALSE,ECOM,ECOM,FALSE,164e0c63590d03e8c90824d9b33bb03dc1f55c59dda9b3724bf4be06616fda2d,FALSE,d7e88c45-65ab-4474-9697-d895aa7f6c0a,FALSE,FALSE,FALSE,TRUE,-30.0951165,-176.659322
0100,000000,206597.73,2024-04-06 00:46:18,61000000,28472,16:42:54,1980-10-03,01/30,2015-11-18,2191,810,244347,243806,8668862747,4498902,40444635,Velasquez-Hayes,153428.69,T,840,840,9.78266265163999E+017,5.49897359522481E+023,ECOM,832e15066579fc7d07744c97edec9f3581c1d2a37a1eae5ac8e5ccdce7bd59d7,MASTER,FALSE,3263260066,3,68,FALSE,TRUE,FALSE,FALSE,ECOM,ECOM,FALSE,4d19d9603beb812985c9267d12d60b725ce92f87d0bf93ae75f7fa9f454d9ec1,FALSE,f875d622-4042-411f-8994-ab240ac81fdf,FALSE,FALSE,FALSE,TRUE,-52.2493885,-46.773732
0100,000000,253816.60,2024-04-05 23:56:40,61000000,23875,00:33:11,2013-03-26,12/28,1991-11-08,2992,810,744849,976286,1288083050,545326,85138678,Haynes-Atkins,110935.98,T,840,840,2.14560263798447E+017,7.73118941249662E+023,ECOM,be5f7d3f9b035e7cf44d24b374f71790155f07827fa02b31882a76f341fc912b,MASTER,FALSE,1873092600,5,54,FALSE,TRUE,FALSE,FALSE,ECOM,ECOM,FALSE,7f6d5851efb2fcd61500e3210b17bc8bd71a4f1161c79e750d37d99d675e06b1,FALSE,38d8e5cb-0389-4dbc-a847-9c2bcb6883ea,FALSE,FALSE,FALSE,TRUE,-6.9500655,-122.064497
0100,000000,268447.67,2024-04-06 01:22:05,61000000,39151,15:34:29,2021-12-25,03/28,2018-07-28,3727,810,305430,668771,4147797529,8864114,31130860,Ross-Ayala,128238.49,T,840,840,9.65759289142382E+017,3.80201715637625E+023,ECOM,03350420364c21639871325f08147cb7ba40a593012c596770b35f148236dd30,MASTER,FALSE,6721856388,2,96,FALSE,TRUE,FALSE,FALSE,ECOM,ECOM,FALSE,207c69b7d6524f55d6ef98f85a6b945e00ab23ac757151ff3938e03dbb4f49ac,FALSE,a7694034-dd2f-4c1f-8e39-f001838ad1b9,FALSE,FALSE,FALSE,TRUE,69.0114865,-52.458395
0100,000000,20396.36,2024-04-06 02:06:49,61000000,87745,01:06:15,2012-09-30,09/33,1994-12-13,9848,810,896752,40886,5110218461,1308208,44118731,"Schaefer, Taylor and Castillo",324156.69,T,840,840,1.37421518335705E+017,9.28538894161441E+023,ECOM,e0ad71ddde496b35d2f85c90e8d85a99ee87794355439b17dbf88f16d54bb255,MASTER,FALSE,2781896718,3,73,FALSE,TRUE,FALSE,FALSE,ECOM,ECOM,FALSE,1f2f8e0ce8e123a4948a2bef8e0a24a35f4dd0c2c1961d4927c50cde30d55de3,FALSE,6f8f6d4a-1e2f-4b6c-8143-8cad0b9be633,FALSE,FALSE,FALSE,TRUE,69.769736,-105.856640
0100,000000,105239.60,2024-04-05 21:44:32,61000000,86187,01:38:51,2009-06-20,09/30,1983-04-28,4187,810,32385,677380,1991967530,3216895,63780797,"Moore, Simmons and Brooks",218399.07,T,840,840,7.39467356597865E+017,9.78959132182192E+023,ECOM,4bbb7c669659673be8ce5e56184532607fc5e433a0ac7a66b165b4009a01d69d,MASTER,FALSE,6287608037,3,4,FALSE,TRUE,FALSE,FALSE,ECOM,ECOM,FALSE,4a5877769605792824641e0e083588c36cabf2fda3e61f0f6c8405c0f4643fe4,FALSE,aa7cd514-4998-4d11-af06-87d37b37b049,FALSE,FALSE,FALSE,TRUE,-34.6864395,-156.954504
0100,000000,320126.97,2024-04-05 23:16:32,61000000,98677,21:58:39,2016-06-08,11/32,2017-05-14,1768,810,122930,251575,7244185575,3719222,17992730,"Chan, Ross and Maynard",163364.01,T,840,840,6.35260287555308E+017,6.00697581286261E+023,ECOM,20ccd548560c8fa45776d4003c7fe1b51cd939dfad80bd299ac14af8a941085a,MASTER,FALSE,3001653422,2,9,FALSE,TRUE,FALSE,FALSE,ECOM,ECOM,FALSE,ccdb2c7a15203853850df325bb96dd02fd0a91e3675e41dfe6a8e8c4ce410488,FALSE,deae9ad4-819b-4eab-b8f5-8e7f623cd3b2,FALSE,FALSE,FALSE,TRUE,13.5294665,93.178651
0100,000000,12266.57,2024-04-05 23:44:08,61000000,54537,20:06:07,1985-08-05,01/25,2012-07-06,1513,810,208752,280918,2212917298,6094295,9675291,Turner and Sons,482703.53,T,840,840,6.43384275188407E+017,6.62326352545624E+023,ECOM,b158770c155ca3be4d1f15f3c43b0d19566d1441db2c2e2f67789cc738bdc8f5,MASTER,FALSE,6515302092,1,0,FALSE,TRUE,FALSE,FALSE,ECOM,ECOM,FALSE,4a53f175f96339c21785d9adc419bec6aa39cb2c9b4989940674d173b0ac3b20,FALSE,25ea212f-4575-4d91-be12-a31241550535,FALSE,FALSE,FALSE,TRUE,-79.2176355,130.852892
0100,000000,159781.07,2024-04-05 22:28:52,61000000,19157,08:56:36,1996-10-03,04/29,1983-04-15,4954,810,756624,273649,1567318065,798075,5985065,"Bryant, Rodriguez and Williams",161644.34,T,840,840,2.65385454812826E+017,5.85692876532022E+023,ECOM,4cb3b93464d272f5339937bbcf2daaf628ade1d8c4820a013cf24211966c0c79,MASTER,FALSE,3356313670,5,96,FALSE,TRUE,FALSE,FALSE,ECOM,ECOM,FALSE,f8a2268028d5fb07438bf186f2b4ab382df6b1e5b79c144331c1eb77f17737d1,FALSE,738fd6d2-d189-47b8-a633-0736774ddd1c,FALSE,FALSE,FALSE,TRUE,-17.684443,177.720346
0100,000000,177113.48,2024-04-05 20:40:11,61000000,73716,07:13:51,1985-02-14,10/31,2013-01-18,8374,810,377931,937158,244815213,9976798,4920314,Edwards-Becker,134399.45,T,840,840,5.07128181449978E+017,1.38852375074438E+023,ECOM,98902185cad0b320535f70e04a1393a40c9306be5750fcc334d50a31a82628c0,MASTER,FALSE,1026380628,2,74,FALSE,TRUE,FALSE,FALSE,ECOM,ECOM,FALSE,82da1cd64b6efd1fde0e845e0d5cd079a4016cb2d0052257ec9b9f30bcb29c7f,FALSE,423c58a5-9670-4681-acc9-9dcde4d91867,FALSE,FALSE,FALSE,TRUE,-72.212041,-135.946890
0100,000000,135658.58,2024-04-06 06:24:00,61000000,84085,05:32:45,1986-11-13,08/28,2012-12-26,4609,810,952917,146458,4427475801,6054691,20226591,Snow-Gross,309905.92,T,840,840,8.96889443283937E+016,9.01658222328891E+023,ECOM,d0d446616efaacb5a386a4e23c0e90e59fcf071375fd38df496ec19fd2afcdb0,MASTER,FALSE,9626455058,2,50,FALSE,TRUE,FALSE,FALSE,ECOM,ECOM,FALSE,ca79987a9359fc3c1ae92f444590d7dd5727169c4e1f59fbe2c4d70c1652c8d3,FALSE,aee1543e-6251-4e2f-993c-9f374c0cf02a,FALSE,FALSE,FALSE,TRUE,69.0851145,-115.109755
0100,000000,56553.96,2024-04-05 22:20:44,61000000,73458,10:35:09,1983-10-30,06/26,1990-05-06,3253,810,395501,447338,4559731143,8514558,81701737,Jackson Ltd,315673.75,T,840,840,5.56179039195016E+017,7.15579184685843E+022,ECOM,2c9f8f38e04ec5362306b606c2e9d24b22a5bdc0b491dbcf947f3ef0292d608f,MASTER,FALSE,2471721857,4,66,FALSE,TRUE,FALSE,FALSE,ECOM,ECOM,FALSE,be6d3d59aff9a0ed22563630df8af515a5955ea96ba210207c73d3770331f2fe,FALSE,14899710-6820-4cd7-a46e-deae1e667ec3,FALSE,FALSE,FALSE,TRUE,-23.9310725,115.319778
0100,000000,289066.00,2024-04-06 00:10:29,61000000,79422,22:13:18,2006-01-03,10/25,1999-07-13,6658,810,634108,36507,5943239953,8718595,22450185,"Mason, Velasquez and Wilson",164044.62,T,840,840,1.82041013393077E+017,5.73568435372424E+023,ECOM,f9534f7d45979329851a3d6cb566ea273aa5a255cde2e394ed808d37a2047061,MASTER,FALSE,4469028805,2,46,FALSE,TRUE,FALSE,FALSE,ECOM,ECOM,FALSE,f076f4413da5e6867cc2db855e92facd9196bda6a4200bb8d2bb94641d3c5b43,FALSE,55a9a1e3-8e76-450b-aacc-e4d06cb97de9,FALSE,FALSE,FALSE,TRUE,27.240219,73.780911
0100,000000,174478.41,2024-04-06 05:43:12,61000000,86884,23:01:45,1981-12-05,06/24,2006-08-29,6153,810,558636,357463,8451779066,1522106,43565300,"Richmond, Ramirez and Alexander",228662.31,T,840,840,3.98387753630858E+017,5.20222298776957E+022,ECOM,552625885fefbf6c199435439113271a775766ebeb1826354c1ea6f9ea843ec2,MASTER,FALSE,9977670652,1,28,FALSE,TRUE,FALSE,FALSE,ECOM,ECOM,FALSE,98d88dade4ac7cb710440e63a90c7c6eb5deac4612396446d40b99aafe87e0ca,FALSE,0a19ce61-71f7-4ebf-9ccb-2d483dc5f4a0,FALSE,FALSE,FALSE,TRUE,79.6987305,106.919796
0100,000000,74862.77,2024-04-05 20:18:16,61000000,22914,04:28:20,1972-08-03,09/28,1999-01-17,5139,810,221907,635788,3675045331,7599578,88396911,"Garrett, Herring and Martinez",301736.36,T,840,840,7.60012398063277E+017,8.45933191426536E+023,ECOM,4fa8f3a25c98484fac5b7f5239c46d0e41df683d48346d922e668baebcf78bc4,MASTER,FALSE,1132139649,5,83,FALSE,TRUE,FALSE,FALSE,ECOM,ECOM,FALSE,2ed645964b13a86b5cb2bb8094c5c34ab308eb12689c34fe8151eca0f8d00742,FALSE,68735b81-8b4b-4ea6-8bfd-9cbce04f50a7,FALSE,FALSE,FALSE,TRUE,63.8015135,31.526430
0100,000000,144240.63,2024-04-06 04:38:02,61000000,64187,18:17:52,2016-06-20,03/26,1987-03-17,7851,810,765644,612022,1844049537,7894317,75438161,Contreras-Buckley,163801.66,T,840,840,5.68140140865679E+017,6.47661284504926E+023,ECOM,52e60dfa5b9d4fb7f5de28e23ffaa85ac52565349ed8dd83a8b46557eef014d6,MASTER,FALSE,5792909389,2,76,FALSE,TRUE,FALSE,FALSE,ECOM,ECOM,FALSE,ac01c7206c7acd89b7ebc039b5452e362d50b665aa19f4444dc5683437f52a6d,FALSE,c4ba773d-0b04-4032-a10a-fc386b3e4f30,FALSE,FALSE,FALSE,TRUE,24.278326,-126.639914
0100,000000,162896.39,2024-04-06 05:16:52,61000000,72975,12:59:36,1974-12-31,11/32,2003-08-25,849,810,771015,630222,4348907068,2985999,93962113,Daniel-Owen,178763.81,T,840,840,8.78033689832748E+017,6.90637770049812E+023,ECOM,41869ed683a410b674b1e6331a63803a976fa7a28679ec008c4dd753b5c2ac75,MASTER,FALSE,9298835533,1,5,FALSE,TRUE,FALSE,FALSE,ECOM,ECOM,FALSE,2650affc3ae21893215a967b3137c6c6781631c8cd887ff70c14bf0c059c6926,FALSE,b4d39f9e-ab77-48f5-a3e6-95b0a56225c0,FALSE,FALSE,FALSE,TRUE,21.0055595,16.827929
0100,000000,170644.94,2024-04-05 20:46:01,61000000,62402,13:12:51,1972-03-17,01/31,1974-12-08,1272,810,417994,594296,4237873081,5244323,97474309,Evans Inc,143675.52,T,840,840,3.27226683046616E+017,8.29580451949177E+023,ECOM,e209627daea8037582e1c41461588587b8a5e70af2210c22bab7cf67ea4d9175,MASTER,FALSE,5072502246,2,50,FALSE,TRUE,FALSE,FALSE,ECOM,ECOM,FALSE,00739b2b3771cb3a34c2219189213d6347327bd7253b7bf9df0b70ccd7cc0c61,FALSE,75aa88c8-584b-44aa-a4c3-c09b16b14aa2,FALSE,FALSE,FALSE,TRUE,49.5705095,-53.614975
0100,000000,147421.16,2024-04-05 21:17:20,61000000,61706,10:58:34,1980-08-11,09/27,2000-06-15,8695,810,661952,178938,1642748297,3068863,20842404,Patel-Colon,345684.85,T,840,840,7.05661526365247E+017,6.12549686083946E+023,ECOM,3d9ffe5ad5a194ab7973e1f8b6c4c953f427b2784276e4954323d21e971fd8b0,MASTER,FALSE,6243556038,5,45,FALSE,TRUE,FALSE,FALSE,ECOM,ECOM,FALSE,655ead7bd3cc075406478460f0c599f91440aedf51f3107538abd64803e5b348,FALSE,57a3a7fd-a6fd-412b-a4ff-74acdc608627,FALSE,FALSE,FALSE,TRUE,-31.134088,-104.919608
0100,000000,250535.70,2024-04-06 00:53:47,61000000,94888,12:35:35,1972-06-09,03/34,2008-02-12,664,810,762455,460947,5201340615,3910532,19918702,"Long, Ramos and Silva",144364.63,T,840,840,1.62359887854762E+017,2.45261439263282E+023,ECOM,6edbb17db3b9bf48581f43b4e8d0ace8b15608f166692cda50fbaee8b86a1c13,MASTER,FALSE,5212926009,2,5,FALSE,TRUE,FALSE,FALSE,ECOM,ECOM,FALSE,009288a7e0de6e30674f2f88a898bd144bacecad73b736435a93edf6b387950c,FALSE,d017203f-5f57-493d-a87d-30a6876f9c49,FALSE,FALSE,FALSE,TRUE,-36.099886,-133.193125
0100,000000,186706.74,2024-04-06 06:47:49,61000000,26058,08:41:28,2003-07-24,05/30,2002-05-07,595,810,589941,373534,8561295095,9110552,74093873,Mcdonald LLC,152398.23,T,840,840,5.58063575643644E+017,7.4126339865823E+023,ECOM,916b36b040ae8a61a2ef6df398a04680d50c341da68ba76acfb94a4f20af920f,MASTER,FALSE,7317202734,1,99,FALSE,TRUE,FALSE,FALSE,ECOM,ECOM,FALSE,3d8ddcb2846c429b572e03e51453e8c8a72fa354f84cee5ae2ba24ea072a6c38,FALSE,15e280a8-889a-47e3-9fb0-5b0b738842e2,FALSE,FALSE,FALSE,TRUE,-87.6834965,-45.172998
0100,000000,4529.90,2024-04-05 21:47:11,61000000,40536,04:58:47,1972-09-14,10/31,1984-04-09,1707,810,524078,862805,4193159602,2876047,95142906,Kelly-Schultz,462492.99,T,840,840,8.10042471822667E+016,8.0375925537425E+023,ECOM,910625722754da24e700bdf923ceb864daf9e8aeb02b32141f26aa3fbd30a4db,MASTER,FALSE,9957043536,1,51,FALSE,TRUE,FALSE,FALSE,ECOM,ECOM,FALSE,40eb0d622d531c7077b8a340c5fd40354e73b4e97c69dfe32a05ab3c29390765,FALSE,835e44a7-54f4-49e0-86ce-c19f490ed438,FALSE,FALSE,FALSE,TRUE,-9.935594,111.527768
0100,000000,56195.50,2024-04-05 21:44:43,61000000,87799,10:46:54,2004-12-09,05/25,1981-07-24,406,810,691883,727985,738151255,1476490,23719403,Hart Group,245026.91,T,840,840,7.70952510670751E+017,1.64775230296159E+023,ECOM,856f2f2df2604179699577860453e8712deb0ab4a51ee4205118faee2b9d0cca,MASTER,FALSE,8363468060,2,89,FALSE,TRUE,FALSE,FALSE,ECOM,ECOM,FALSE,96181ddbc09660c80b27dc48fff768b37e8d4625e984f506e80ef282e3f1ca15,FALSE,ffe36e64-577f-4291-8bc3-4fea7d0ea8dc,FALSE,FALSE,FALSE,TRUE,-89.3120425,-38.563566
0100,000000,238117.48,2024-04-06 06:04:59,61000000,75075,17:46:12,1974-01-31,02/27,2010-04-18,4,810,674342,988010,7147695970,5070521,31352079,"Jensen, Brooks and Cross",200032.86,T,840,840,6.50369887848448E+017,1.60090211177502E+023,ECOM,541ec510980acaa78e4a5b266eb39822994a23ed9a454d1757b1d0ad1a6fc0f7,MASTER,FALSE,1702111780,3,51,FALSE,TRUE,FALSE,FALSE,ECOM,ECOM,FALSE,fc6518b9943b920f545c7bdcea0a394ad9a43c4f27385ac65175f2db6c3dd73e,FALSE,3fe4c93f-959a-4022-89ec-0e7fa366e4a3,FALSE,FALSE,FALSE,TRUE,3.456208,-175.773816
0100,000000,29398.99,2024-04-05 19:49:52,61000000,70585,02:59:21,1977-02-14,06/28,2022-08-21,276,810,233550,666413,5016670173,8021202,53247839,Solis LLC,293438.83,T,840,840,5.94230900865729E+016,8.98995056830426E+022,ECOM,f7e65bce0e7732ec0f9794e6d937f19d6d50d7b27e42ad331cbfada9d454b421,MASTER,FALSE,6545904950,1,86,FALSE,TRUE,FALSE,FALSE,ECOM,ECOM,FALSE,ea745ca4655978f8b68cf3661232dcf2cd48ad09d015145f155380b2576cc5c1,FALSE,e8cb5e82-64b2-4873-a923-7a6a2cceb6fa,FALSE,FALSE,FALSE,TRUE,-37.6091285,146.505584
0100,000000,279871.49,2024-04-05 22:47:14,61000000,31823,12:34:05,2003-04-29,12/26,2014-03-03,7029,810,55919,119001,103372878,3172321,75374091,Delacruz Inc,162717.99,T,840,840,6.19551972659487E+017,4.98158644583804E+023,ECOM,eda2fd1d806b24db5436d8e9751373f0b36fd6a4434519de6260fcffede2d20b,MASTER,FALSE,3013712974,2,92,FALSE,TRUE,FALSE,FALSE,ECOM,ECOM,FALSE,5b1f8657dab0480de8420a0e9a6cc6d0c83c55387c19fb531a97d3c8304186aa,FALSE,95aa6db5-659a-435c-8249-a5d32f7ed318,FALSE,FALSE,FALSE,TRUE,-65.9017235,-100.089342
0100,000000,273212.26,2024-04-06 02:25:45,61000000,94724,20:38:02,2019-02-04,03/34,2012-08-26,3903,810,840296,937189,5146191273,5360792,6987104,Compton Ltd,156229.72,T,840,840,9.72981772868594E+016,8.0202419870919E+023,ECOM,aaeed76fc4780029768f71fc55130e41aabbcbf85767b2cfb3c00841e9da1e3f,MASTER,FALSE,5378689687,3,12,FALSE,TRUE,FALSE,FALSE,ECOM,ECOM,FALSE,c3db5aba0925daa8119b794ac3e2ff7a4cf1993b896d7098aed5bcae7ef43756,FALSE,8ae3751e-fa75-4b52-927e-aa9785a1a392,FALSE,FALSE,FALSE,TRUE,-35.444180,122.977148
0100,000000,181653.22,2024-04-05 22:06:55,61000000,22912,00:53:22,2018-08-19,09/28,1991-01-15,739,810,621737,946580,6662519155,2424051,66189757,Richardson Inc,151691.54,T,840,840,7.32788576644783E+017,3.48886145540594E+023,ECOM,a43819b3a1f8a1de307622007a759f07c46ea8a0ac8ca8c480805fcf0d7deb2f,MASTER,FALSE,4553674924,2,47,FALSE,TRUE,FALSE,FALSE,ECOM,ECOM,FALSE,5e621f84aef0f60d243bf19d3978a242c13a13fcf4afeb464bb67544b3b00275,FALSE,20eca445-4519-4c00-97d7-5fd2039ee937,FALSE,FALSE,FALSE,TRUE,47.2024055,5.429216
0100,000000,116556.20,2024-04-06 00:15:59,61000000,95444,19:25:59,1973-05-01,05/33,2003-12-20,8468,810,873476,946956,9195407568,4983066,24468771,"Mcmahon, Schultz and May",352106.45,T,840,840,5.1203062800288E+016,4.52870672504931E+022,ECOM,2c7775fde257de69dde56519cce65736ee0e8c48554f0485acdf7482930d5ffd,MASTER,FALSE,2720141340,5,65,FALSE,TRUE,FALSE,FALSE,ECOM,ECOM,FALSE,64be74c7af9e9711b2d1ae8ea9ddc26890263ecc36d6c5e72ad8e08e80778333,FALSE,67d43b27-3c1e-4b41-9cc5-9cff7fab1dea,FALSE,FALSE,FALSE,TRUE,1.5668475,66.007402
0100,000000,26262.08,2024-04-06 06:52:28,61000000,93722,15:52:50,1994-08-28,04/28,1995-04-21,274,810,925253,317641,5882949693,8564869,18882581,"Todd, Bond and Dunn",390656.53,T,840,840,7.20718254091332E+017,4.98836157863227E+023,ECOM,e82d9dad1a0ce8e7e03988cac9ec39c850646b5d2df6b893deba00912b6a6f6d,MASTER,FALSE,678272216,5,35,FALSE,TRUE,FALSE,FALSE,ECOM,ECOM,FALSE,88839895546f54afcfac3133c6ef06d4f61ac9307d2eebc118ce1df25674f124,FALSE,5052401f-f2eb-40d6-a39e-c006fdc9f83f,FALSE,FALSE,FALSE,TRUE,45.9169055,78.962754
0100,000000,55722.38,2024-04-05 21:11:13,61000000,3481,05:39:34,1973-08-11,01/29,1979-01-22,4185,810,632022,769858,2820459924,899816,21140664,Dyer PLC,439060.78,T,840,840,4.22768871920351E+017,2.32611483640492E+023,ECOM,c1bad812a2e16f5ef72c811b8da66fc6503d3b5d82e6e0ac4b4eb203297906ba,MASTER,FALSE,1925657887,4,15,FALSE,TRUE,FALSE,FALSE,ECOM,ECOM,FALSE,ad0170670b2558e0e5212a302101290a755a8e352303a8c21eb4cb29d8e3e832,FALSE,4487a325-cb63-4eb6-96c1-3f06db5ab767,FALSE,FALSE,FALSE,TRUE,49.4571895,-5.088628
0100,000000,145642.20,2024-04-06 03:36:45,61000000,38367,22:39:24,1977-03-03,08/26,2014-07-11,9048,810,471861,302943,2793584424,2393121,29354003,"Saunders, Williams and Franco",295496.53,T,840,840,2.70806828618535E+017,6.63171389445554E+023,ECOM,535b623c9b9358cbcf1c2d4c74a21b47b0cb3b10c7b1ecacd03b565d2ef20e40,MASTER,FALSE,1717531435,1,78,FALSE,TRUE,FALSE,FALSE,ECOM,ECOM,FALSE,93df1ab733b94daa39c3f60fec7f40436f5d43ea5ac9ae83d3b7387b96feb918,FALSE,32c8052e-e7ed-4fd6-a1e1-25e19a0bf7b2,FALSE,FALSE,FALSE,TRUE,-55.4989885,-47.193158
0100,000000,58701.23,2024-04-06 04:27:19,61000000,72590,18:54:17,1972-01-17,07/26,1980-12-02,3225,810,839850,987058,7052179483,4385024,66152333,Mata Group,402516.99,T,840,840,1.03077334563883E+017,3.31600408336345E+023,ECOM,4975052ab4cfdf844e5de7c02ac918424ded656c2f42ab402d9b06d8be1abc46,MASTER,FALSE,8904344402,4,100,FALSE,TRUE,FALSE,FALSE,ECOM,ECOM,FALSE,db96d991254cef8ef2530282630e3f4e2d7ce0ebbf529ec5ff519410c1ad68f6,FALSE,9c76dd36-524b-4d9f-9ea9-1782b107200b,FALSE,FALSE,FALSE,TRUE,-36.030693,-59.167605
0100,000000,59597.58,2024-04-06 05:10:36,61000000,20672,20:57:06,2003-03-30,10/29,1999-11-29,8793,810,137187,295961,9571385920,727538,53646992,"Sheppard, Hall and Williams",320071.91,T,840,840,1.21032124764397E+016,1.99612536750488E+023,ECOM,ad56c9cca93fb04fdf5e6878443610ec9a61a991941e01ca05e33b05f498f43a,MASTER,FALSE,2444730208,1,49,FALSE,TRUE,FALSE,FALSE,ECOM,ECOM,FALSE,5c6fc36b5ba7ba3568571877ff66295ef06d391f3f8fe17f3b4f4ab5edeb7626,FALSE,8f003615-d8ee-4850-97c2-1a21095c1bf0,FALSE,FALSE,FALSE,TRUE,-77.9396605,-129.723764
0100,000000,214027.03,2024-04-05 22:03:10,61000000,14473,05:34:22,2016-08-23,11/25,2010-04-06,3577,810,537542,628816,2946496621,8240092,83589364,Williams-Deleon,139419.09,T,840,840,3.07252864753024E+017,8.9958762762202E+023,ECOM,d3e2380ccc6d61ef553a883e57458264b69b175e6aaecff13430ad94a45b6fc1,MASTER,FALSE,8801518158,1,7,FALSE,TRUE,FALSE,FALSE,ECOM,ECOM,FALSE,1d71c0caccaa7b40010684a66b60d9d067428fdf9fc8257c870d48fb26a3a90f,FALSE,81958085-35ad-4966-9106-871ae1b72fb9,FALSE,FALSE,FALSE,TRUE,-76.2635285,-167.969747
0100,000000,217355.49,2024-04-05 22:19:45,61000000,68987,10:36:36,2019-04-04,06/30,1970-04-01,1972,810,845631,557558,5372352871,8461585,37568810,"Rosario, Rodriguez and Holder",118907.80,T,840,840,6.85031551484758E+017,2.89656623918643E+022,ECOM,db318bcc4ccdcf518299098074ee00d4cf509c81f1a2053c8ddade2764ab5ea4,MASTER,FALSE,6391027624,3,17,FALSE,TRUE,FALSE,FALSE,ECOM,ECOM,FALSE,60f08375d5e486f9d361247321ac62b5bc38e8cec7e023f62867d74fa35249ac,FALSE,feec8fe1-de55-4005-af71-527304271c85,FALSE,FALSE,FALSE,TRUE,-70.4922095,28.881895
0100,000000,20314.69,2024-04-06 05:45:49,61000000,92014,22:12:26,2020-02-02,10/31,2019-03-22,6511,810,394831,991359,1387301203,7922982,86016174,Landry and Sons,315813.83,T,840,840,5.47957045138901E+017,4.7367625728173E+022,ECOM,9532fe0dd587b837d9945d594033d1f5e1657aa8ed8514c4a7ed5e3b8993fc7f,MASTER,FALSE,3057567942,5,58,FALSE,TRUE,FALSE,FALSE,ECOM,ECOM,FALSE,03faa1c3795cddbf069ec994e65bd7403cf518c75b11a45903b256d16a323954,FALSE,ae958ea7-af2d-4241-9425-420f62e3a419,FALSE,FALSE,FALSE,TRUE,29.2421325,151.330914
0100,000000,256589.68,2024-04-06 00:55:22,61000000,68766,12:06:34,2020-09-18,08/30,1985-11-09,2150,810,653759,715274,9357762714,3900865,58533617,Rhodes-Roth,116233.31,T,840,840,3.24679728480783E+017,3.67947277836625E+023,ECOM,9e4908b373e9881de223c37658531c655c863c65a831987b482671b792630216,MASTER,FALSE,8268044829,1,63,FALSE,TRUE,FALSE,FALSE,ECOM,ECOM,FALSE,ec7dd75159c91c795b72b7421828b80042351551b0e979b5a976280aa1af7c3c,FALSE,457efc0c-459d-42ec-aab0-32c03f788503,FALSE,FALSE,FALSE,TRUE,51.533518,94.489925
0100,000000,158192.70,2024-04-05 21:11:39,61000000,53784,06:17:09,1980-07-16,02/33,2010-10-10,7819,810,894842,849127,800683346,6559809,6745083,Phillips-Trevino,182570.92,T,840,840,7.20165054524521E+016,2.13280021295615E+023,ECOM,607aaab6cf019082e5653ed62d7279228f3a674820b0d23009abe8594d74b039,MASTER,FALSE,4855261008,1,4,FALSE,TRUE,FALSE,FALSE,ECOM,ECOM,FALSE,2ad99004040075033a8938a9edd33a8b4c6bc22e8cb66ed7dbae97d30ef53668,FALSE,26fea123-90b7-48ef-af9e-26b8efea5ddc,FALSE,FALSE,FALSE,TRUE,42.9766595,19.580092
0100,000000,29371.19,2024-04-05 21:17:19,61000000,77364,02:58:55,1978-10-31,11/26,1977-05-20,1691,810,589647,484806,8831700892,3762583,49937692,"Fernandez, Dixon and Parker",301183.16,T,840,840,6.15426643984836E+017,1.8912769000437E+023,ECOM,1bc21947ff59e70eae2c02d21e3e5cf56e27d64d36f96c1508fb9030a1829de6,MASTER,FALSE,8145009203,5,11,FALSE,TRUE,FALSE,FALSE,ECOM,ECOM,FALSE,02ee8ec39af10ed8a7f524a51b40cec5643f9fee98ebd5f1dff8e016b5cc6116,FALSE,1e081b9a-2592-48f4-9662-77097e412be1,FALSE,FALSE,FALSE,TRUE,-40.273496,-101.955181
0100,000000,104179.91,2024-04-05 22:18:37,61000000,305,23:17:35,1973-05-31,02/26,1991-01-12,3004,810,716126,946053,8822449582,3372152,23045806,Martinez Ltd,347247.58,T,840,840,8.75703533382824E+017,5.38376700493133E+023,ECOM,f1db895bd70f2f50e4d9ed5bdaed9cfc1f4716caee298080cb2133b98eec21ba,MASTER,FALSE,8835043520,3,69,FALSE,TRUE,FALSE,FALSE,ECOM,ECOM,FALSE,28a5350645881127605647d3e5791de05849bcfd4e52627047ab98ca56ff6c9e,FALSE,3a67b718-a05c-47bb-9f36-d75598a4310e,FALSE,FALSE,FALSE,TRUE,54.695990,111.780258
0100,000000,163413.63,2024-04-06 00:21:52,61000000,82593,17:00:14,2013-07-21,07/25,1999-03-03,1645,810,620530,170338,1564160959,7984527,19291865,Smith-Green,248825.44,T,840,840,7.08510390152666E+017,4.7982421397327E+022,ECOM,2467acc0b2f49bc0ff5a1bbfa173a6c8b2b1147bfcfeea164e8c83757139b086,MASTER,FALSE,338042779,1,95,FALSE,TRUE,FALSE,FALSE,ECOM,ECOM,FALSE,c1fafedf6bf347037fa39889f8ff7738e44ab4f27002b3e6995dda659a02923d,FALSE,eb981f0c-9b6a-43c9-a5a7-47a62ccef581,FALSE,FALSE,FALSE,TRUE,-54.137140,-165.568637
0100,000000,93705.58,2024-04-06 03:33:20,61000000,76738,02:16:48,1991-10-22,02/26,1993-09-17,565,810,669551,131299,5863687530,3651073,4314087,Miller Group,331394.07,T,840,840,2.19249672916913E+017,4.12284519598844E+023,ECOM,9f5b135d9671a915e89c9de8d5756e04022670cd568c8995df15dd4547314898,MASTER,FALSE,7742543648,3,20,FALSE,TRUE,FALSE,FALSE,ECOM,ECOM,FALSE,85e1441b1953f49aaa3f7d3c85f11f6503aa243a01be75cd33644c282f686dee,FALSE,983abc61-cffc-4219-b055-055ebe70c4d6,FALSE,FALSE,FALSE,TRUE,-84.9395835,-72.166318
0100,000000,9919.57,2024-04-05 22:33:36,61000000,77806,16:45:20,1987-12-30,10/32,2020-03-12,9392,810,837992,268438,4163970741,8240796,49277027,Freeman and Sons,303316.68,T,840,840,6.61031560125908E+017,5.80678396129015E+023,ECOM,67b6e35d8016d10d60505d2d49b45ae530cfe6032bbe919d77d84dc90527ca85,MASTER,FALSE,341648694,5,76,FALSE,TRUE,FALSE,FALSE,ECOM,ECOM,FALSE,14524bb8df13caf929771e9baecf6158030d5771fa51faea3f9b8ca2098ba6a9,FALSE,dadb1b5e-94c4-4fb5-b191-034917636b50,FALSE,FALSE,FALSE,TRUE,-15.3468855,8.559640
0100,000000,110209.66,2024-04-06 03:28:13,61000000,78919,11:20:35,1995-05-12,04/32,1989-11-24,3935,810,111986,304087,3711060631,6992855,62569240,"Porter, Garcia and Briggs",380722.11,T,840,840,4.73928946603255E+017,5.72754471280143E+023,ECOM,7f2028cf1146e40d0bb0a5d3ef95f293902f5880c72af541bc5e8e505c5433c3,MASTER,FALSE,8857439052,5,93,FALSE,TRUE,FALSE,FALSE,ECOM,ECOM,FALSE,de37fb0cf2e6505aff455199fd36df816a3bd0db9bce55c7ea27b6b05010a315,FALSE,725ae19d-c2d1-43d6-9ff6-89e80e4f56f9,FALSE,FALSE,FALSE,TRUE,-68.9155395,138.029273
0100,000000,129509.32,2024-04-06 03:15:17,61000000,93734,09:42:16,2018-11-06,07/26,2003-01-07,7455,810,16403,593332,9912042416,1981693,74369454,Haas-Willis,252524.16,T,840,840,2.27269155690261E+017,9.77037323574018E+023,ECOM,2660d83d2ec1c345f4f87dc68db4f19335448e58ee3b5670c9bbead46aae8fc9,MASTER,FALSE,1273509023,1,72,FALSE,TRUE,FALSE,FALSE,ECOM,ECOM,FALSE,392df121ea2b52e07ef1f256902ba99c74512c763248c4d781a7e97974c78582,FALSE,bf810fd5-e8c6-4873-a2e8-e8ff1d72676f,FALSE,FALSE,FALSE,TRUE,63.8800975,-122.235364
0100,000000,3422.37,2024-04-05 23:50:51,61000000,75868,23:15:56,2019-09-18,08/27,1971-03-27,5274,810,667434,484066,3592808490,2274088,88355379,Sharp LLC,408524.60,T,840,840,9.10363993652632E+017,2.87980376863759E+023,ECOM,ed33d56a0859742d38359832699a160d265b77c30fe2247b433e9a7fc6febac6,MASTER,FALSE,2985985411,4,87,FALSE,TRUE,FALSE,FALSE,ECOM,ECOM,FALSE,3abc0610fd2b811b069b4e8b6246035937b133d1426b7eb2fc4160ff321a39d6,FALSE,dd747abe-ac0b-4567-848b-9c6333c4f2e8,FALSE,FALSE,FALSE,TRUE,-16.5944395,-165.146974
0100,000000,49976.27,2024-04-06 00:02:26,61000000,76605,14:10:01,1997-03-04,07/29,2018-11-26,8388,810,440662,506546,9583023265,4081993,63331540,"Mann, Smith and Mercer",298603.47,T,840,840,4.51157472138072E+017,5.23081419181015E+022,ECOM,9899f9d10c6809c31c1f400d4fc361384560d2e1d0f9bf36b23fac4e03e5c506,MASTER,FALSE,7924477992,1,4,FALSE,TRUE,FALSE,FALSE,ECOM,ECOM,FALSE,f93e1ce7c535c98a2d4e8bce1072822ce920292882c2005093db01fd24a2e441,FALSE,dde0958c-1a80-472e-b2cc-9d303c7664bc,FALSE,FALSE,FALSE,TRUE,88.681232,-66.991860
0100,000000,87728.67,2024-04-06 05:46:38,61000000,34762,20:45:03,2011-01-29,02/32,1996-04-18,6967,810,323644,354463,2144320905,5809038,86742792,Hendrix Inc,246560.00,T,840,840,7.88413851265329E+017,7.82329302881145E+023,ECOM,6b87b4824a5fe53d32fefd2ebd96e1825b6244dd5d03e23dd58bec5c1a061516,MASTER,FALSE,7237175687,1,23,FALSE,TRUE,FALSE,FALSE,ECOM,ECOM,FALSE,f6504ad7d83c14ec21cd40aedd9d075d9a940f6f4e08045f4e880f3a5efa9041,FALSE,5aaff374-1432-41f9-a029-f2501c247df4,FALSE,FALSE,FALSE,TRUE,45.473048,19.653077
0100,000000,45562.26,2024-04-06 05:18:48,61000000,74382,12:31:18,1988-11-24,12/26,1977-12-01,3415,810,953602,191483,6532248458,6349454,20125082,"Ray, Bennett and Hobbs",272739.47,T,840,840,7.24365895204124E+017,9.64413265063591E+023,ECOM,8a340aa029a66b6f48b992f145d2c94f986b2fba110e7ff6292b9cf585a89fba,MASTER,FALSE,4688899045,1,85,FALSE,TRUE,FALSE,FALSE,ECOM,ECOM,FALSE,b0b4c21a0af93f5cf77934677d0347d186765a22c80b8bb61fcbbeae2b10d47d,FALSE,9d00cb6c-8a30-4316-9aea-3924e049879b,FALSE,FALSE,FALSE,TRUE,4.252039,88.246703
0100,000000,59024.70,2024-04-05 21:26:33,61000000,24993,21:37:20,1975-07-28,02/27,2010-10-24,3091,810,316095,775709,6268506752,5825160,62133667,Harvey-Wiley,346089.59,T,840,840,8.98960408449494E+017,2.8768191365971E+023,ECOM,d2369e7888d5ae369cd565b1c22b58cc37f5a6927f1a62aaa48a62488fbd4d53,MASTER,FALSE,7592482632,5,77,FALSE,TRUE,FALSE,FALSE,ECOM,ECOM,FALSE,d0e8d7d0b4336b84602dfb9d997ca9cb4c0b691e2464279c6a70a9c7a666315e,FALSE,3434fe5c-bd70-4abf-b63f-3d0606bd417f,FALSE,FALSE,FALSE,TRUE,-64.7497425,163.793946
0100,000000,129636.74,2024-04-06 02:06:33,61000000,64117,09:59:56,2018-11-11,11/30,2005-09-13,1198,810,210102,736379,507073211,6366024,92928130,Johnson-Rodriguez,327018.87,T,840,840,9.27657694027098E+017,2.72789818617737E+022,ECOM,b3966d10197fc00021669a8a565842fcae12e713bed5b57527dc6a627911c14d,MASTER,FALSE,1921505946,4,51,FALSE,TRUE,FALSE,FALSE,ECOM,ECOM,FALSE,def71c3a33649e9666db992e69c51411ab1413c38f777ddb124f8ca2ca6c3f55,FALSE,804b3290-a3ae-407a-86d1-79460a655908,FALSE,FALSE,FALSE,TRUE,35.476298,-96.574617
0100,000000,175713.73,2024-04-05 22:59:39,61000000,62416,15:00:32,2022-09-30,05/30,1970-09-16,2370,810,477716,255423,7992596128,1904341,41863368,Lewis PLC,257867.62,T,840,840,8.37621951204523E+017,3.86254307943226E+023,ECOM,eccd1c073ac4e75cca0343701ea8673984a5c4ddc2dd12713ec30865ebef1a1d,MASTER,FALSE,5091914253,1,21,FALSE,TRUE,FALSE,FALSE,ECOM,ECOM,FALSE,fd44cda30958a7197bb89c588d6deb89611fe1cd1bf1b19e9b958cd5ad500cb3,FALSE,92d4441c-493d-408d-8fc6-6fc2a983bb1f,FALSE,FALSE,FALSE,TRUE,46.9531495,-117.257667
0100,000000,198692.77,2024-04-06 05:53:55,61000000,73228,03:28:45,1998-07-04,03/28,1983-02-09,3248,810,578786,772651,1006591993,1665951,79442636,"Hunt, Shah and Strickland",227577.29,T,840,840,3.99336647170504E+017,6.59610598734562E+023,ECOM,6f84df89b10efc6a0839422bd489dce30502fbf89d9ef490ea0ffa963f14d0ca,MASTER,FALSE,3136457613,2,79,FALSE,TRUE,FALSE,FALSE,ECOM,ECOM,FALSE,011e4ea936fe73959e38aae72a252817e0dbeca7e2680b3029ea415b1da41fe8,FALSE,d8424da5-4297-44a6-884c-52cd7266618c,FALSE,FALSE,FALSE,TRUE,-30.6630425,-41.916720
0100,000000,232060.26,2024-04-06 03:04:29,61000000,75745,15:48:23,2021-12-01,07/31,1995-05-29,9811,810,469552,73283,9352996072,9083937,7131668,Pruitt LLC,134606.37,T,840,840,4.15746621646593E+017,5.0647908029241E+023,ECOM,1684e2d9b1c6a4626dd5a0c0d981372e555c3e64d8bd48fcee8d50e30d523959,MASTER,FALSE,5832686464,1,35,FALSE,TRUE,FALSE,FALSE,ECOM,ECOM,FALSE,7380203bfd56620fa8fc992c83d52c46cb202a0a54ac2182fd9f8eb476c16bab,FALSE,41d360d2-b0bd-4e61-902e-9141b79ee42e,FALSE,FALSE,FALSE,TRUE,-14.3349195,-70.672354
0100,000000,102714.80,2024-04-05 22:59:37,61000000,32159,17:08:35,1995-11-20,02/33,2020-03-19,4587,810,72663,981134,504664044,8324406,86573967,Torres Inc,308415.88,T,840,840,2.93086149287801E+017,8.87293793301104E+023,ECOM,d18535b7b12879a4dd14281a1d622e6252e0a4d9a496a83609158ee2193f4c78,MASTER,FALSE,6192441064,1,70,FALSE,TRUE,FALSE,FALSE,ECOM,ECOM,FALSE,92b1f28df484909076f8fb5a4b20ce1027681328f3b45cab982b825d433b0ff3,FALSE,04771382-fcd4-4535-a256-f9f4c8322b4d,FALSE,FALSE,FALSE,TRUE,86.866977,6.377982
0100,000000,25674.95,2024-04-05 23:04:10,61000000,44517,09:11:55,1994-12-12,06/28,1979-03-24,2110,810,446839,157569,3908525960,3121225,71919484,"Pineda, Mcgrath and Powell",328567.30,T,840,840,5.70239631990276E+017,8.46659449131029E+023,ECOM,c772027404879ce45c284b43b81fd11cfa025c5ae5d62dd7442089b252d660bd,MASTER,FALSE,318434065,4,22,FALSE,TRUE,FALSE,FALSE,ECOM,ECOM,FALSE,9b4b8c2d2e1afadb38899501043198aa5da023a51210f455c8353e690c749f82,FALSE,fa5aec96-e72b-4024-9f73-ed8c1860d157,FALSE,FALSE,FALSE,TRUE,-36.1941435,22.122371
0100,000000,291004.26,2024-04-05 22:31:06,61000000,34742,13:42:53,2017-11-19,01/26,2015-04-06,7507,810,28979,272577,6496730906,170031,34036815,Ford LLC,180483.46,T,840,840,3.06437135172432E+017,9.82302469844895E+023,ECOM,92a062eb85fba29a77da2876db14b4c7624c14beb96c137b93b79f8197eb1a18,MASTER,FALSE,7997142387,5,69,FALSE,TRUE,FALSE,FALSE,ECOM,ECOM,FALSE,f9433d151129d95f755f1e1346624a0b10803f9b5de6c5e59854ccb8d6c5aa4a,FALSE,1273e2a4-72fc-4216-83dc-95bea21eec50,FALSE,FALSE,FALSE,TRUE,-72.1516705,156.795373
0100,000000,258666.60,2024-04-06 01:57:52,61000000,99662,10:10:32,2008-08-03,11/32,2010-12-16,988,810,830053,450083,303915031,9506559,8387897,"Smith, Gomez and Harrington",147050.22,T,840,840,1.73046028906099E+016,7.11858469568278E+023,ECOM,604d6eaf579564560db30b254a5c63dc8479a9cfb9a691681bc41e551cd915b5,MASTER,FALSE,1880063563,3,14,FALSE,TRUE,FALSE,FALSE,ECOM,ECOM,FALSE,9bc3365b0d43d9029ab215004fc8a319045ef63901a2a04dee7d9c785f574b59,FALSE,942c0a6b-25e3-472b-aed3-4450d4d8ff9c,FALSE,FALSE,FALSE,TRUE,23.9096365,-93.886766
0100,000000,193485.29,2024-04-05 23:09:25,61000000,46406,14:52:41,1981-08-14,05/26,1995-07-01,773,810,472092,748137,1174458416,7136941,18786076,Kerr Group,247967.26,T,840,840,9.78469210815668E+017,9.39724256966164E+023,ECOM,7ba1b27adddc157d3e2a869d2eed47797f43257243169b7efded365649d4d682,MASTER,FALSE,9342591471,5,60,FALSE,TRUE,FALSE,FALSE,ECOM,ECOM,FALSE,241a9ec3800d725c46066f0cd9c27de12142f5552f7197e83133126cd0ae9661,FALSE,18bfdb4a-876e-4d54-bd77-d08481b3ef29,FALSE,FALSE,FALSE,TRUE,63.680693,-98.934084
0100,000000,179729.35,2024-04-06 07:27:13,61000000,24582,09:29:06,2015-07-07,12/27,1990-04-17,8675,810,738117,24814,932116014,801374,45828001,Santos-Jones,159925.85,T,840,840,1.13245245633245E+016,8.86652136210244E+023,ECOM,4f535e49e400c484dc67104a4637858dfc950a25e1bba31db2c90fb67c248088,MASTER,FALSE,3511466328,3,21,FALSE,TRUE,FALSE,FALSE,ECOM,ECOM,FALSE,f37b0b74acf2f5bc09382ffdeaf225dd593c358704cbf92df863b38187222c1e,FALSE,fb71b70a-52f6-43b7-9530-8cb42961b138,FALSE,FALSE,FALSE,TRUE,10.935524,-32.459102
0100,000000,171909.26,2024-04-06 06:43:27,61000000,38898,13:27:04,2020-07-21,08/33,1994-06-11,8538,810,676052,226238,7968278961,5434617,73374285,Taylor-Jackson,277551.95,T,840,840,7.79515069219587E+016,3.94122971963869E+023,ECOM,0b9a5deba0a72bdea7f8d5d2f1c1497ae7e058227ff9b9babfd28f14cd3f385d,MASTER,FALSE,4432684229,1,8,FALSE,TRUE,FALSE,FALSE,ECOM,ECOM,FALSE,66e6064f94a8f1d0921d30b41e8a693be78c3b97ebaf68b5eed156c74ae9e97a,FALSE,24276b51-86ef-4176-99fe-36c9b9613d38,FALSE,FALSE,FALSE,TRUE,-0.737166,164.135487
0100,000000,108524.41,2024-04-06 06:56:39,61000000,62468,14:14:33,1995-12-04,02/31,2003-01-07,1414,810,5499,778673,5433726897,4169718,19807524,Ramirez-Bailey,299789.48,T,840,840,1.27478960603564E+017,5.33032527973165E+023,ECOM,16ec728b47c633b76eabd0ee7b15f7fd5c2be96340978cca7e81775f9e562da2,MASTER,FALSE,6309811675,5,67,FALSE,TRUE,FALSE,FALSE,ECOM,ECOM,FALSE,bf1d6add7d8d211793d0568b7b8cd2f00d9933cf205b53fff5d1391c9715e126,FALSE,6c8b9ac1-4892-46cc-9c64-8f3638b60ee4,FALSE,FALSE,FALSE,TRUE,-79.909514,-140.929889
0100,000000,91682.33,2024-04-05 22:58:52,61000000,78333,16:20:52,1997-03-28,11/33,1976-02-12,2427,810,454557,906136,8314329713,8001631,20608005,Vasquez Group,290929.47,T,840,840,6.18572417832772E+017,7.57406169507599E+023,ECOM,699c1d36b819bd736845919d8d61a4bea92b93baf752905c082f6dbf4d46ecea,MASTER,FALSE,2843077687,2,64,FALSE,TRUE,FALSE,FALSE,ECOM,ECOM,FALSE,6ef7ef4b6264381ae3ff7864c943d88433e4abc847ca4d1e90ed3622c2c2d52e,FALSE,a21fd359-9f93-4080-9506-ea33c1d37681,FALSE,FALSE,FALSE,TRUE,-47.432570,-44.106102
0100,000000,204483.28,2024-04-06 01:11:09,61000000,21929,22:01:47,2007-07-17,11/30,1986-10-10,2292,810,284798,690062,4953579287,7012448,23613426,Hines-Gonzalez,241998.76,T,840,840,7.64206954210346E+017,9.36891917465068E+023,ECOM,cd0792d4aa9123767a9e7a356a8af95fa8efb0a9e15a71c81ecdbcd38e42b951,MASTER,FALSE,2444019850,3,31,FALSE,TRUE,FALSE,FALSE,ECOM,ECOM,FALSE,465237233f097efe3327782905a25ca092081423ff00e2479a2498d467a68eb1,FALSE,da0ad9c4-260c-4f75-b07c-3f38319fa2bb,FALSE,FALSE,FALSE,TRUE,-22.6986775,-7.198372
0100,000000,72611.03,2024-04-05 22:29:56,61000000,14307,05:37:01,2019-09-09,05/28,2023-07-20,7797,810,465035,213388,7496787672,6375495,44332549,Cruz-Herrera,314769.52,T,840,840,1.04799197954232E+017,5.69485099624227E+023,ECOM,85680af6f086ffb7245a3f4e61775c2d733cd1771a4c1abc45f1d90b7f4a5ca4,MASTER,FALSE,9654561527,1,27,FALSE,TRUE,FALSE,FALSE,ECOM,ECOM,FALSE,7510082a461408d5f71a59aff0ecae5305e7e7c68ca3da70904132ef5c4e2dbc,FALSE,1e26e235-a177-4168-b2ed-3ac251ddee06,FALSE,FALSE,FALSE,TRUE,53.570322,36.014093
0100,000000,243781.13,2024-04-06 07:01:02,61000000,46378,06:53:11,1985-10-29,10/28,2007-02-03,6605,810,458460,610331,3047587747,6211547,46133586,Harrison Inc,157559.62,T,840,840,5.36025518370296E+017,5.83350908154301E+023,ECOM,f365e61c8aa51ea29f3f3647c12ca2f48d9950ecb858dec16c36f6e59c9fe531,MASTER,FALSE,371813211,1,21,FALSE,TRUE,FALSE,FALSE,ECOM,ECOM,FALSE,9419cc8ab10444bb5ae31f038674f79d865de227ad7ba351b8ceef60a358f3dd,FALSE,2a0cc3cb-ab40-4e04-af60-7ff8956519ad,FALSE,FALSE,FALSE,TRUE,-23.659757,13.089588
0100,000000,67756.21,2024-04-06 00:37:20,61000000,33808,11:28:44,2015-07-24,01/26,2019-09-28,218,810,830343,59534,7870444205,3227169,65396192,"Watson, Snyder and Wilson",280242.59,T,840,840,5.34418311371328E+017,3.01932477667107E+023,ECOM,eaf310bf66bf17e2902e86cbe22c5ae2937db6197a37fb4bbf3e2c36e6c4bd73,MASTER,FALSE,9622673129,4,34,FALSE,TRUE,FALSE,FALSE,ECOM,ECOM,FALSE,bf12673fe5a1be6bcf38a81cafa844d7a09050343cc3eb4916da68398bc0ee30,FALSE,cf534540-1297-4547-ba19-818bdd77f128,FALSE,FALSE,FALSE,TRUE,-48.0399175,-125.653405
0100,000000,88559.80,2024-04-06 02:54:55,61000000,49582,21:11:42,1970-02-12,10/33,1987-07-07,5055,810,783741,239654,2628116670,5808389,18512961,Reyes LLC,374115.49,T,840,840,9.3478029940133E+017,1.74579540222889E+023,ECOM,879ff78c78c45fbe2fe3d5a8bcd0b2b2059ce4a84de41c0774e62a595a4730fa,MASTER,FALSE,6156242486,5,51,FALSE,TRUE,FALSE,FALSE,ECOM,ECOM,FALSE,bbab66359a54c05d1386e5b65e6377c23234459c999c587fac03b3c7f4d57bf6,FALSE,d16d529b-5a6c-4d25-b62f-8a68a92478d5,FALSE,FALSE,FALSE,TRUE,-42.4982325,4.384574
0100,000000,112763.38,2024-04-06 01:03:22,61000000,67905,18:06:18,2022-12-13,03/28,2017-08-12,4746,810,388804,328755,1687649585,3123349,59090192,Huynh PLC,308957.38,T,840,840,4.53609039994743E+017,1.74346467490965E+023,ECOM,5e7afef5f426f2cdcbeb2995e221c92059d73226205aadb0d714a6481c017dee,MASTER,FALSE,9121117098,4,71,FALSE,TRUE,FALSE,FALSE,ECOM,ECOM,FALSE,5ad67d7264c06ec04a8b6a796241c9f5ac4ecaae56ff10c9574c407bf8176a80,FALSE,7351bd09-5621-4b30-8cd9-072f5233048b,FALSE,FALSE,FALSE,TRUE,-38.990608,-172.356803
0100,000000,39620.63,2024-04-05 22:41:31,61000000,30366,14:38:28,2023-01-31,10/27,1980-06-29,9395,810,45559,62715,1505523031,6723727,62380680,Lloyd and Sons,312180.41,T,840,840,7.11754708206208E+017,5.21865124792412E+022,ECOM,2581ef57e3f566ce0761ff022f62e3c9ebc213914403790c9f5fb7ec15159990,MASTER,FALSE,7578807771,5,78,FALSE,TRUE,FALSE,FALSE,ECOM,ECOM,FALSE,dea1204c3a1ffa4fc2d26bb5d98bdaac38da217466f7ee83aead7057798323f0,FALSE,2fed1aad-b061-40b4-8934-dbb9167c9991,FALSE,FALSE,FALSE,TRUE,10.8485755,-99.292402
0100,000000,33057.95,2024-04-06 00:34:22,61000000,65968,22:36:34,1993-04-09,01/29,1980-12-17,8776,810,20895,137890,2052911787,3473983,88294309,Mcdaniel and Sons,458867.97,T,840,840,8.02883290209154E+017,5.23000347666123E+023,ECOM,b4842050a5d68b5d792ace05f23a57d45504ec821e5bac21fb3a82acda910c99,MASTER,FALSE,5438808201,5,52,FALSE,TRUE,FALSE,FALSE,ECOM,ECOM,FALSE,04fb0ea970eec7bd2e7e9d88199cfdd0d06d1b4ead5d7d16982f9529075857cb,FALSE,af73c611-98d3-407c-8132-b0ad382cdcb0,FALSE,FALSE,FALSE,TRUE,-86.8755345,159.085761
0100,000000,29975.22,2024-04-06 01:08:08,61000000,88315,08:28:43,1978-08-17,10/26,1996-03-17,6619,810,844541,88653,9331290840,4494879,42393222,Berg-Baker,372772.78,T,840,840,8.54712142248339E+017,8.4985060259897E+023,ECOM,ed2790c288fa3662024ecd7584e6dac4c2b51d52a40ece0da5c44a94be0aca33,MASTER,FALSE,4316537309,3,30,FALSE,TRUE,FALSE,FALSE,ECOM,ECOM,FALSE,31b10ccc71831bc7bafe1f58c5990f870e239d48e60c8dbe1e3df0889e6e7ae8,FALSE,369f0f24-9f8b-4e42-954a-2895e0724031,FALSE,FALSE,FALSE,TRUE,-83.355949,-111.764356
0100,000000,220571.69,2024-04-06 07:34:10,61000000,98096,13:12:44,2000-09-20,04/29,1989-11-10,3416,810,862873,970481,3458077390,6594473,91668682,Schroeder-Rodriguez,222359.68,T,840,840,7.472647043205E+017,2.53775987516962E+023,ECOM,5986a1df876379eed7049bfa1b4eefbfbb00aac258c5657b5d065e7a58163801,MASTER,FALSE,2720989828,5,42,FALSE,TRUE,FALSE,FALSE,ECOM,ECOM,FALSE,f6989e7d5302eb4367817116fe125d5d01a2278421345eb24a759d67d0317d24,FALSE,f4d7ca40-899c-49d8-a7b7-183a7ee8eb34,FALSE,FALSE,FALSE,TRUE,-8.7234655,-179.470328
0100,000000,175035.69,2024-04-05 20:53:41,61000000,82797,09:55:04,1978-10-24,04/28,1970-07-22,1898,810,516798,825159,7659956096,5946904,43311395,Patel Group,150825.47,T,840,840,8.85603707736144E+016,9.26420445693115E+022,ECOM,dc8b917c519c1d4e8b5de994834d17dbaa536d8fc52dc60c54f9f381571ed10b,MASTER,FALSE,3390905340,5,66,FALSE,TRUE,FALSE,FALSE,ECOM,ECOM,FALSE,8aca5f052554283eeb47d320a5c30c36b84c65ae30211caf22a13d2011c8fd9f,FALSE,7ca54629-969e-48d9-bd90-035d64e6b2a9,FALSE,FALSE,FALSE,TRUE,-19.008675,-0.171007
0100,000000,170665.52,2024-04-05 21:23:53,61000000,66648,22:41:58,1975-07-28,02/29,2011-04-28,4904,810,308387,796555,7233526260,9529494,70701668,Green-Morales,279563.73,T,840,840,3.65228056366094E+017,1.66052664914249E+023,ECOM,81851453589a52185e400e8a197852d30db3f964d8d45c96007c59bf5a8311bc,MASTER,FALSE,6223530354,2,35,FALSE,TRUE,FALSE,FALSE,ECOM,ECOM,FALSE,0507ea51a18a1b1209d11dfca477cfa0e4b8f7a8e8a8875d6356e93c4f451d9c,FALSE,c02d997c-e455-4a67-b743-5437de4b7a83,FALSE,FALSE,FALSE,TRUE,-68.8779325,134.284012
0100,000000,207922.71,2024-04-06 05:18:35,61000000,77315,21:13:05,1983-12-01,05/24,2020-04-21,1442,810,112139,314553,9701740634,7322354,10586823,Lambert Ltd,92611.26,T,840,840,6.47370854391419E+017,8.3894188229268E+023,ECOM,d7787e199bef5463b349740a53cdfa60371f25877761602ce61484f6dd6f0395,MASTER,FALSE,9972260082,2,20,FALSE,TRUE,FALSE,FALSE,ECOM,ECOM,FALSE,8c5d89e37a701fbe4ff222f7600af094585d4cf675f55df7fe60093369291821,FALSE,c5eb1617-2a5f-4f13-b13f-0aeb06464c9d,FALSE,FALSE,FALSE,TRUE,54.3853855,177.690153
0100,000000,101587.00,2024-04-06 02:23:22,61000000,94531,08:41:24,1981-04-29,06/33,1985-07-07,9813,810,152686,58401,7567336332,7831687,74972574,"Baker, Roberts and Ortiz",216858.08,T,840,840,1.65831255683626E+017,7.00608969989648E+023,ECOM,898207469c2ae27a97fb6d8094a041b1fdbe3863a865cfc3756bb0210e9a766b,MASTER,FALSE,203231914,1,93,FALSE,TRUE,FALSE,FALSE,ECOM,ECOM,FALSE,3742a3868a200ce315998be8872d4a2e5cc2a6d20ea96e86599cb5d17646980b,FALSE,08040306-7e5e-441f-869b-2f90be1373bf,FALSE,FALSE,FALSE,TRUE,-25.103800,112.822152
0100,000000,98315.89,2024-04-06 04:17:14,61000000,16624,23:13:39,1979-05-17,11/24,1996-12-24,9648,810,716919,488067,1885339997,4012891,25142037,Garrett Group,205753.92,T,840,840,2.89603211167358E+017,6.29484682089486E+023,ECOM,5f6b5c413211f43016af23c59caa0753d75e5a66661c11adce5ed39f41f5a11c,MASTER,FALSE,3534611099,5,73,FALSE,TRUE,FALSE,FALSE,ECOM,ECOM,FALSE,d2ebb927d786b5eb6360a01681a8ea786e3d50586e7912135f3d55f6e6dceb95,FALSE,f6a4029c-06c2-4a57-abcd-2c7eea1e8c54,FALSE,FALSE,FALSE,TRUE,59.444703,-52.694166
0100,000000,47123.53,2024-04-05 23:55:06,61000000,37461,07:38:03,2013-01-10,10/28,1985-09-15,4313,810,951896,530658,1422356800,3038676,8296993,Harris-Lowe,443472.91,T,840,840,1.66158874051078E+017,1.90732587666677E+023,ECOM,824e8942fe431c2d138e7bb54a6e311af07b67ce90479d8a9abab6e4705feaca,MASTER,FALSE,7030293935,2,95,FALSE,TRUE,FALSE,FALSE,ECOM,ECOM,FALSE,2a8fbe64e3a8df1c162afdbf08249b99084bbc652b1ad596987ead4b2c21068d,FALSE,494f5dc2-dec6-4ea1-ae17-4d332a945e50,FALSE,FALSE,FALSE,TRUE,-34.2890295,12.210422
0100,000000,172878.75,2024-04-06 06:49:25,61000000,70367,00:30:51,2014-05-03,12/24,2023-12-24,5853,810,215694,411200,9774553351,3617298,70718384,Galvan-Moore,162282.20,T,840,840,5.4142723453088E+017,1.83444870271705E+023,ECOM,d595e0a9aef5a614d9e25bc09edfc58ba33b087291272662dd34c0615457f069,MASTER,FALSE,3506706565,1,13,FALSE,TRUE,FALSE,FALSE,ECOM,ECOM,FALSE,7597ac1f841c4bc39436952785e9b68286adbbe539fb4019433e238a9f4d000f,FALSE,bdc445e6-cb1f-415e-a305-cd65a58f5b07,FALSE,FALSE,FALSE,TRUE,-13.519102,-22.491293
0100,000000,25489.35,2024-04-06 00:02:06,61000000,2212,06:07:05,2021-08-09,03/27,1985-05-08,8969,810,55823,293863,8589028291,4929989,65851933,"Quinn, Price and Miller",472451.34,T,840,840,3.52535307121E+017,5.81105732562188E+023,ECOM,86b8190d89bb557975183b22f829eb4a39b07240c236867554b248ffd3050a5b,MASTER,FALSE,8358629103,2,84,FALSE,TRUE,FALSE,FALSE,ECOM,ECOM,FALSE,051705bc3442a52947d5cd78085ec03e06a42657c0411680145819b003c424cf,FALSE,8c6b8ae5-5d1a-45ab-9f95-c319b4c8a679,FALSE,FALSE,FALSE,TRUE,-37.845406,-165.759515
0100,000000,25566.69,2024-04-06 01:54:37,61000000,37001,05:57:38,2008-11-24,06/30,1991-03-17,6981,810,767667,110895,5760518884,1864381,69007012,"Davis, Dickson and Simpson",374699.46,T,840,840,5.7165767424785E+016,5.87950736284182E+023,ECOM,d354ccb17f46530d06786b8bae5549383fbe6fe9c676a4921a6ffc73dcf5110b,MASTER,FALSE,5132385090,5,47,FALSE,TRUE,FALSE,FALSE,ECOM,ECOM,FALSE,3e5f1fc627068759b5e3d5e966a5c1e720032093c18efb8aaac6cbb0db148196,FALSE,b93c3981-aa15-4fbb-b857-6030140d395d,FALSE,FALSE,FALSE,TRUE,-27.4259595,85.263175
0100,000000,52433.35,2024-04-06 01:57:43,61000000,29463,10:35:58,2014-06-13,09/31,2001-10-16,8378,810,293557,939336,1356724425,509090,33910296,Berger-Hess,394182.34,T,840,840,5.16077394090182E+017,6.62942200251866E+023,ECOM,0ae989f2d36d05488b4a31eea2a91879788c780d13cd09c1f9b7546e6389f3b6,MASTER,FALSE,7049844334,5,23,FALSE,TRUE,FALSE,FALSE,ECOM,ECOM,FALSE,9f57295653c4d11e497632f35bf8a6559a79a163c924ed3aad766432b943acab,FALSE,6788b871-a7b1-4245-a76d-e983d9570e1b,FALSE,FALSE,FALSE,TRUE,-8.9800195,-174.070623
0100,000000,255493.65,2024-04-06 05:03:55,61000000,83943,20:00:20,1986-08-20,09/26,1976-08-23,598,810,352276,890077,7664033347,9012025,55129187,Goodwin-Gibson,126692.38,T,840,840,7.29120614541291E+017,1.39124601966105E+023,ECOM,bc0ec6e10fab36008750dd4cd5b299ce15a07d5c9e622a4034a5eb11db6c4f49,MASTER,FALSE,7022211175,3,2,FALSE,TRUE,FALSE,FALSE,ECOM,ECOM,FALSE,7ec99c3bf28cc00999af21c983051029b91f323d2b69292cec75c37e8fdb913c,FALSE,8d5b0f0b-847b-4172-abec-9ca16beda068,FALSE,FALSE,FALSE,TRUE,39.774995,-102.287951
